{
	"format_version": "1.8.0",
	"animations": {
		"animation.airwolf.idle": {
			"loop": true,
			"animation_length": 1.2083,
			"bones": {
				"npc": {
					"rotation": [2.5, 0, 0]
				},
				"head": {
					"position": {
						"0.0": [0, -0.3, 0],
						"0.2083": [0, -0.3, 0],
						"0.4167": [0, -0.1, 0],
						"0.6667": [0, -0.1, 0],
						"0.9167": [0, 0, 0],
						"1.0833": [0, -0.3, 0]
					}
				},
				"body": {
					"position": {
						"0.0": [0, -0.3, 0],
						"0.2083": [0, -0.3, 0],
						"0.4167": [0, -0.1, 0],
						"0.6667": [0, -0.1, 0],
						"0.9167": [0, 0, 0],
						"1.0833": [0, -0.3, 0]
					}
				},
				"l_arm": {
					"position": {
						"0.0": [0, -0.3, 0],
						"0.2083": [0, -0.3, 0],
						"0.4167": [0, -0.1, 0],
						"0.6667": [0, -0.1, 0],
						"0.9167": [0, 0, 0],
						"1.0833": [0, -0.3, 0]
					}
				},
				"r_arm": {
					"position": {
						"0.0": [0, -0.3, 0],
						"0.2083": [0, -0.3, 0],
						"0.4167": [0, -0.1, 0],
						"0.6667": [0, -0.1, 0],
						"0.9167": [0, 0, 0],
						"1.0833": [0, -0.3, 0]
					}
				},
				"l_leg": {
					"rotation": [-7.50954, -4.99523, 0.21865],
					"position": [0.8, 0.2, -0.5]
				},
				"r_leg": {
					"rotation": [-354.9857, 7.48571, 0.00062],
					"position": [-0.8, 0.3, -0.8]
				}
			}
		},
		"animation.airwolf.new": {
			"loop": true
		}
	}
}